{"modellist":[{"location":"models/mmd/kizunaai/kizunaai.pmx","line_locationx_1":0.46097991807610905,"line_locationy_1":8.402409374485611,"line_locationx_2":0.7278507317266038,"line_locationy_2":8.189512162331008,"line_locationx_3":0.4996196038220746,"line_locationy_3":8.01089649701442,"line_locationx_4":0.2566578530599813,"line_locationy_4":8.225179737979909,"Right_X_negative_angle_1":-8.44358855982266,"Left_X_negative_angle_1":-8.44358855982266,"Right_X_positive_angle_2":11.30837753547677,"Left_X_positive_angle_2":11.30837753547677,"Right_Y_negative_angle_3":-7.908011234878545,"Left_Y_negative_angle_3":-12.608055648061086,"Left_Y_positive_angle_4":12.608055648061086,"Right_Y_positive_angle_4":7.908011234878545},{"location":"models/mmd/るいのれ式物述有栖_配布用フォルダ/物述有栖.pmx","line_locationx_1":0.4930708493298897,"line_locationy_1":4.7402858311746545,"line_locationx_2":0.7801012554371222,"line_locationy_2":4.571308253385719,"line_locationx_3":0.539366076121379,"line_locationy_3":4.323628790051252,"line_locationx_4":0.31251946484308235,"line_locationy_4":4.52501302659423,"Right_X_negative_angle_1":-14.474723245410265,"Left_X_negative_angle_1":-14.474723245410265,"Right_X_positive_angle_2":16.434842018226245,"Left_X_positive_angle_2":16.434842018226245,"Right_Y_negative_angle_3":-9.698504344662368,"Left_Y_negative_angle_3":-21.112897919534245,"Left_Y_positive_angle_4":21.112897919534245,"Right_Y_positive_angle_4":9.698504344662368},{"location":"models/mmd/『天宮こころ(Kokoro Amamiya)』/『天宮こころ(Kokoro Amamiya)』.pmx","line_locationx_1":0.498908810244926,"line_locationy_1":5.578193954417223,"line_locationx_2":0.7580821427458553,"line_locationy_2":5.510694020601507,"line_locationx_3":0.5155438468291313,"line_locationy_3":5.341610180019562,"line_locationx_4":0.29240861458574524,"line_locationy_4":5.492676890047694,"Right_X_negative_angle_1":-18.093404056762843,"Left_X_negative_angle_1":-18.093404056762843,"Right_X_positive_angle_2":13.720831409711817,"Left_X_positive_angle_2":13.720831409711817,"Right_Y_negative_angle_3":-10.966770297425914,"Left_Y_negative_angle_3":-16.039834108480076,"Left_Y_positive_angle_4":16.039834108480076,"Right_Y_positive_angle_4":10.966770297425914}]}